{"cameraMode":{"drawMode":0,"name":"Shaded","section":"Shading Mode"},"sceneLighting":false,"audioPlay":false,"sceneViewState":{"showFog":false,"showMaterialUpdate":false,"showSkybox":false,"showFlares":false,"showImageEffects":false,"showParticleSystems":false},"in2DMode":false,"pivot":{"x":6.539141654968262,"y":2.080625057220459,"z":-5.642306804656982},"rotation":{"x":0.26047512888908389,"y":0.1532728224992752,"z":-0.04199136793613434,"w":0.9523113965988159},"size":9.068772315979004,"orthographic":true}