{"cameraMode":{"drawMode":0,"name":"Shaded","section":"Shading Mode"},"sceneLighting":false,"audioPlay":false,"sceneViewState":{"showFog":false,"showMaterialUpdate":false,"showSkybox":false,"showFlares":false,"showImageEffects":false,"showParticleSystems":false},"in2DMode":false,"pivot":{"x":5.0535712242126469,"y":1.7866251468658448,"z":3.1116936206817629},"rotation":{"x":0.09866424649953842,"y":-0.6824448108673096,"z":0.0937156230211258,"w":0.7181586623191834},"size":4.2994256019592289,"orthographic":true}