{"cameraMode":{"drawMode":0,"name":"Shaded","section":"Shading Mode"},"sceneLighting":true,"audioPlay":false,"sceneViewState":{"showFog":true,"showMaterialUpdate":false,"showSkybox":false,"showFlares":true,"showImageEffects":true,"showParticleSystems":true},"in2DMode":false,"pivot":{"x":1.2465144395828248,"y":0.17544293403625489,"z":0.5403602123260498},"rotation":{"x":0.3020724058151245,"y":0.263082891702652,"z":-0.08712627738714218,"w":0.9121122360229492},"size":8.002074241638184,"orthographic":false}