{"cameraMode":{"drawMode":0,"name":"Shaded","section":"Shading Mode"},"sceneLighting":true,"audioPlay":false,"sceneViewState":{"showFog":true,"showMaterialUpdate":false,"showSkybox":false,"showFlares":true,"showImageEffects":true,"showParticleSystems":true},"in2DMode":false,"pivot":{"x":0.9599999189376831,"y":-0.1499999761581421,"z":-0.039999961853027347},"rotation":{"x":-0.1289108246564865,"y":0.024390585720539094,"z":-0.003157796338200569,"w":-0.9913511872291565},"size":8.002074241638184,"orthographic":false}