{"cameraMode":{"drawMode":0,"name":"Shaded","section":"Shading Mode"},"sceneLighting":true,"audioPlay":false,"sceneViewState":{"showFog":true,"showMaterialUpdate":false,"showSkybox":false,"showFlares":true,"showImageEffects":true,"showParticleSystems":true},"in2DMode":false,"pivot":{"x":-1.8100136518478394,"y":0.9499905705451965,"z":-11.230064392089844},"rotation":{"x":-0.13693580031394959,"y":0.2315797507762909,"z":-0.03293053060770035,"w":-0.9625669121742249},"size":11.970905303955079,"orthographic":false}