{"cameraMode":{"drawMode":0,"name":"Shaded","section":"Shading Mode"},"sceneLighting":true,"audioPlay":false,"sceneViewState":{"showFog":true,"showMaterialUpdate":false,"showSkybox":false,"showFlares":true,"showImageEffects":true,"showParticleSystems":true},"in2DMode":false,"pivot":{"x":-1.8100136518478394,"y":0.9499905705451965,"z":-11.230064392089844},"rotation":{"x":-0.20564909279346467,"y":-0.3808346092700958,"z":0.08728787302970886,"w":-0.8972481489181519},"size":11.970905303955079,"orthographic":false}