{"cameraMode":{"drawMode":0,"name":"Shaded","section":"Shading Mode"},"sceneLighting":false,"audioPlay":false,"sceneViewState":{"showFog":true,"showMaterialUpdate":false,"showSkybox":false,"showFlares":true,"showImageEffects":true,"showParticleSystems":true},"in2DMode":false,"pivot":{"x":0.8165817260742188,"y":1.1007932424545289,"z":0.005688726902008057},"rotation":{"x":-0.20564909279346467,"y":-0.3808346092700958,"z":0.08728787302970886,"w":-0.8972481489181519},"size":8.730363845825196,"orthographic":false}