{"cameraMode":{"drawMode":0,"name":"Shaded","section":"Shading Mode"},"sceneLighting":true,"audioPlay":false,"sceneViewState":{"showFog":true,"showMaterialUpdate":false,"showSkybox":false,"showFlares":true,"showImageEffects":true,"showParticleSystems":true},"in2DMode":false,"pivot":{"x":0.981000542640686,"y":0.395984411239624,"z":-0.019999980926513673},"rotation":{"x":-0.20564909279346467,"y":-0.3808346092700958,"z":0.08728787302970886,"w":-0.8972481489181519},"size":11.788335800170899,"orthographic":false}